first_name,last_name,email
Devi,Loyd,dloyd0@hibu.com
Berton,Saffell,bsaffell1@loc.gov
Marla,Hatz,mhatz2@sina.com.cn
Marc,Aronson,maronson3@newyorker.com
Elfie,Baldacchino,ebaldacchino4@4shared.com
Dino,Barker,dbarker5@shutterfly.com
Ula,Burns,uburns6@bloglovin.com
Avrit,Ingolotti,aingolotti7@state.gov
Klarika,Odger,kodger8@bloglovin.com
Clarisse,Ellcome,cellcome9@google.de
Jobey,Naisbitt,jnaisbitta@accuweather.com
Joby,Fellgatt,jfellgattb@blogtalkradio.com
Kimble,Cunnow,kcunnowc@skyrock.com
Jeff,Etches,jetchesd@ameblo.jp
Tome,Cartner,tcartnere@cargocollective.com
Antoinette,Attarge,aattargef@ft.com
Ximenez,Synder,xsynderg@dagondesign.com
Rickie,Shenley,rshenleyh@booking.com
Sid,Few,sfewi@yandex.ru
Marcelle,Pinches,mpinchesj@stanford.edu
Ina,Rudsdell,irudsdellk@quantcast.com
Catharina,Downse,cdownsel@slate.com
Michaella,Grogono,mgrogonom@mtv.com
Chancey,Birdsey,cbirdseyn@people.com.cn
Christabella,Hesse,chesseo@sphinn.com
Phoebe,Millwall,pmillwallp@washingtonpost.com
Barrie,Partener,bpartenerq@icio.us
Montgomery,Kops,mkopsr@barnesandnoble.com
Raddy,Hendrich,rhendrichs@usda.gov
Davina,Harmstone,dharmstonet@networkadvertising.org
Ode,Gommowe,ogommoweu@about.com
August,Powter,apowterv@noaa.gov
Edna,Hotchkin,ehotchkinw@wordpress.com
Verge,Durn,vdurnx@chron.com
Francesco,Rolston,frolstony@google.fr
Viv,Thornhill,vthornhillz@imageshack.us
Steffie,Edison,sedison10@earthlink.net
Caddric,Cowey,ccowey11@mac.com
Sondra,Fillimore,sfillimore12@over-blog.com
Zarah,Wimpress,zwimpress13@japanpost.jp
Iseabal,Polle,ipolle14@psu.edu
Bond,Bellhouse,bbellhouse15@narod.ru
Antonia,Wormleighton,awormleighton16@exblog.jp
Gretal,Webb,gwebb17@indiegogo.com
Mikael,Matejovsky,mmatejovsky18@fastcompany.com
Marchall,Masters,mmasters19@smugmug.com
Fraze,Costelloe,fcostelloe1a@cam.ac.uk
Axel,Smeeton,asmeeton1b@wikimedia.org
Valentin,Pane,vpane1c@bloglovin.com
Neill,Willmont,nwillmont1d@wordpress.org
